{
  "deep_sequential_mlp": 0.33700394764180347,
  "residual_mlp": 0.3274464990650322,
  "autoencoder_mlp": 0.3355495532931643
}