{
  "deep_sequential_mlp": 0.35450779246399683,
  "residual_mlp": 0.3507595186427303,
  "autoencoder_mlp": 0.29473268889327287
}